{
  "temporal_smoothing": {
    "raw": {
      "accuracy": 0.5636042402826855,
      "macro_f1": 0.5273116605292693,
      "per_class_recall": {
        "sit": 0.0,
        "stand": 0.6521739130434783,
        "walk": 0.9347826086956522,
        "run": 0.5543478260869565,
        "upstairs": 0.8369565217391305,
        "downstairs": 0.42391304347826086,
        "fall": 0.42857142857142855
      }
    },
    "majority_vote_L3": {
      "accuracy": 0.5724381625441696,
      "macro_f1": 0.5338589036543092,
      "per_class_recall": {
        "sit": 0.0,
        "stand": 0.6630434782608695,
        "walk": 0.9782608695652174,
        "run": 0.5543478260869565,
        "upstairs": 0.8804347826086957,
        "downstairs": 0.3804347826086957,
        "fall": 0.42857142857142855
      }
    },
    "majority_vote_L5": {
      "accuracy": 0.5830388692579506,
      "macro_f1": 0.5599401150213048,
      "per_class_recall": {
        "sit": 0.0,
        "stand": 0.6739130434782609,
        "walk": 0.9891304347826086,
        "run": 0.5543478260869565,
        "upstairs": 0.8913043478260869,
        "downstairs": 0.40217391304347827,
        "fall": 0.5
      }
    },
    "majority_vote_L7": {
      "accuracy": 0.5954063604240283,
      "macro_f1": 0.5691812194408449,
      "per_class_recall": {
        "sit": 0.0,
        "stand": 0.6739130434782609,
        "walk": 1.0,
        "run": 0.5652173913043478,
        "upstairs": 0.9347826086956522,
        "downstairs": 0.41304347826086957,
        "fall": 0.5
      }
    },
    "hmm": {
      "accuracy": 0.5830388692579506,
      "macro_f1": 0.5498591600658254,
      "per_class_recall": {
        "sit": 0.0,
        "stand": 0.6521739130434783,
        "walk": 0.9782608695652174,
        "run": 0.5543478260869565,
        "upstairs": 0.8913043478260869,
        "downstairs": 0.44565217391304346,
        "fall": 0.42857142857142855
      }
    }
  },
  "cnn": {
    "accuracy": 0.1784452296819788,
    "macro_f1": 0.10519380985573933,
    "per_class_recall": {
      "sit": 0.5,
      "stand": 0.0,
      "walk": 0.0,
      "run": 0.5108695652173914,
      "upstairs": 0.0,
      "downstairs": 0.08695652173913043,
      "fall": 0.0
    }
  },
  "clustering": {
    "KMeans": {
      "ARI": 0.17312339818865677,
      "NMI": 0.26809541466052556,
      "AMI": 0.2527256958414282,
      "inertia": 197702033.05026883
    },
    "GMM": {
      "ARI": 0.1575701173453588,
      "NMI": 0.26920828622814125,
      "AMI": 0.254089822303046,
      "bic": 1110397.4782072592
    },
    "KMeans+PCA": {
      "ARI": 0.36368130419400213,
      "NMI": 0.5159550264335732,
      "AMI": 0.5066884052778636,
      "inertia": 64885.04260305015
    },
    "GMM+PCA": {
      "ARI": 0.35301218559122366,
      "NMI": 0.5159964133361045,
      "AMI": 0.5063189567006045,
      "bic": 68101.26668518755
    }
  }
}