{
  "temporal_smoothing": {
    "raw": {
      "accuracy": 0.4169611307420495,
      "macro_f1": 0.3992574088108295,
      "per_class_recall": {
        "sit": 0.0,
        "stand": 0.4057971014492754,
        "walk": 0.5579710144927537,
        "run": 0.3695652173913043,
        "upstairs": 0.7681159420289855,
        "downstairs": 0.42028985507246375,
        "fall": 0.2857142857142857
      }
    },
    "majority_vote_L3": {
      "accuracy": 0.4369846878680801,
      "macro_f1": 0.4144314884460409,
      "per_class_recall": {
        "sit": 0.0,
        "stand": 0.427536231884058,
        "walk": 0.6231884057971014,
        "run": 0.3695652173913043,
        "upstairs": 0.8043478260869565,
        "downstairs": 0.42028985507246375,
        "fall": 0.2857142857142857
      }
    },
    "majority_vote_L5": {
      "accuracy": 0.4499411071849234,
      "macro_f1": 0.43866377911152743,
      "per_class_recall": {
        "sit": 0.0,
        "stand": 0.4420289855072464,
        "walk": 0.6304347826086957,
        "run": 0.3695652173913043,
        "upstairs": 0.8115942028985508,
        "downstairs": 0.463768115942029,
        "fall": 0.3333333333333333
      }
    },
    "majority_vote_L7": {
      "accuracy": 0.46054181389870436,
      "macro_f1": 0.44631956028886954,
      "per_class_recall": {
        "sit": 0.0,
        "stand": 0.4420289855072464,
        "walk": 0.644927536231884,
        "run": 0.37681159420289856,
        "upstairs": 0.8405797101449275,
        "downstairs": 0.4782608695652174,
        "fall": 0.3333333333333333
      }
    },
    "hmm": {
      "accuracy": 0.4287396937573616,
      "macro_f1": 0.410753293134209,
      "per_class_recall": {
        "sit": 0.0,
        "stand": 0.41304347826086957,
        "walk": 0.5797101449275363,
        "run": 0.3695652173913043,
        "upstairs": 0.8115942028985508,
        "downstairs": 0.42028985507246375,
        "fall": 0.2857142857142857
      }
    }
  },
  "cnn": {
    "accuracy": 0.1625441696113074,
    "macro_f1": 0.0420795853026376,
    "per_class_recall": {
      "sit": 1.0,
      "stand": 0.0,
      "walk": 0.0,
      "run": 0.0,
      "upstairs": 0.0,
      "downstairs": 0.0,
      "fall": 0.0
    }
  },
  "clustering": {
    "KMeans": {
      "ARI": 0.060745798033224926,
      "NMI": 0.15568018648117596,
      "AMI": 0.14334037189069457,
      "inertia": 200425328.5123167
    },
    "GMM": {
      "ARI": 0.057220961601983276,
      "NMI": 0.17428139213194316,
      "AMI": 0.1625213581274406,
      "bic": 735805.8923935157
    },
    "KMeans+PCA": {
      "ARI": 0.14925934911816222,
      "NMI": 0.30444058882949726,
      "AMI": 0.29566539472513154,
      "inertia": 97491.05442005914
    },
    "GMM+PCA": {
      "ARI": 0.1310082629222805,
      "NMI": 0.2943091465225296,
      "AMI": 0.2851103550414601,
      "bic": -21497.82611761864
    }
  }
}